{
    "normals":[-0,0,1,0,0,1,0,0,1,-0,0,1,0,0,-1,0,-0,-1,0,-0,-1,0,0,-1,0.105319,0.994415,0,0.219977,0.975494,0,0.342631,0.939451,0,0.468795,0.883297,0,0.59212,0.805811,0,0.705557,0.708609,0,0.802942,0.596026,0,0.880428,0.474166,0,0.936949,0.349376,0,0.973907,0.226905,0,0.993896,0.110233,0,0.999969,-0.00189215,0,0.99295,-0.11832,0,0.969817,-0.243721,0,0.927274,-0.37431,0,0.863124,-0.504929,0,0.777459,-0.628895,0,0.673391,-0.73928,0,0.556749,-0.830653,0,0.434767,-0.90051,0,0.314158,-0.949339,0,0.199988,-0.979797,0,0.0952177,-0.995453,0,0.0227058,-0.999725,0,0.707083,-0.707083,0,-0.707083,-0.707083,0,-0.707083,0.707083,0,0.0251778,0.999664,0,-0.0227668,0.999725,0,-0.0945769,0.995514,0,-0.196966,0.980377,0,-0.307474,0.951537,0,-0.424116,0.905576,0,-0.543077,0.839656,0,-0.658803,0.752281,0,-0.764458,0.644612,0,-0.853633,0.520829,0,-0.921812,0.387616,0,-0.967559,0.25251,0,-0.992492,0.122227,0,-0.999969,0.00625629,0,-0.995392,-0.0956145,0,-0.980071,-0.198584,0,-0.95053,-0.310587,0,-0.902799,-0.430006,0,-0.833308,-0.552782,0,-0.74044,-0.672079,0,-0.626423,-0.779473,0,-0.497513,-0.867428,0,-0.362865,-0.931822,0,-0.231391,-0.972839,0,-0.109745,-0.993957,0,-0.0259713,-0.999634,0,0.707083,0.707083,0,0.904447,-0.426557,0,-0.426984,-0.904233,0,-0.00314341,-0.999969,0,0.424146,-0.905576,0,-0.905515,-0.424268,0,-0.999969,0.000885037,0,-0.905118,0.425092,0,0.426893,0.904294,0,-0.00112918,0.999969,0,-0.427931,0.903775,0,0.904752,0.425916,0,0.999969,-0.000701926,0],
    "vertices":[1.698,0.088,0.15,1.698,0,0.15,1.292,0,0.15,1.292,0.682,0.15,1.39,0.682,0.15,1.39,0.088,0.15,1.216,0,0.15,1.098,0,0.15,0.866,0.282,0.15,0.631,0,0.15,0.512,0,0.15,0.806,0.353,0.15,0.533,0.682,0.15,0.652,0.682,0.15,0.866,0.422,0.15,1.079,0.682,0.15,1.197,0.682,0.15,0.925,0.353,0.15,0.31857,0.680206,0.15,0.35081,0.674982,0.15,0.379766,0.666563,0.15,0.405482,0.655185,0.15,0.428003,0.641086,0.15,0.447375,0.6245,0.15,0.463643,0.605664,0.15,0.476852,0.584815,0.15,0.487047,0.562188,0.15,0.494273,0.538019,0.15,0.498576,0.512544,0.15,0.5,0.486,0.15,0.498492,0.459765,0.15,0.493935,0.434699,0.15,0.486281,0.411016,0.15,0.475481,0.388926,0.15,0.461487,0.368642,0.15,0.44425,0.350375,0.15,0.423721,0.334337,0.15,0.399852,0.320741,0.15,0.372594,0.309797,0.15,0.341898,0.301718,0.15,0.307716,0.296715,0.15,0.27,0.295,0.15,0.168,0.295,0.15,0.168,0,0.15,0.07,0,0.15,0.07,0.682,0.15,0.283,0.682,0.15,0.279,0.383,0.15,0.296696,0.383807,0.15,0.313236,0.386204,0.15,0.328547,0.390156,0.15,0.342556,0.39563,0.15,0.355189,0.402589,0.15,0.366375,0.411,0.15,0.37604,0.420828,0.15,0.384111,0.432037,0.15,0.390516,0.444594,0.15,0.395181,0.458463,0.15,0.398033,0.47361,0.15,0.399,0.49,0.15,0.398417,0.50255,0.15,0.396588,0.515065,0.15,0.393391,0.527344,0.15,0.388704,0.539185,0.15,0.382406,0.550388,0.15,0.374375,0.56075,0.15,0.36449,0.570071,0.15,0.35263,0.578148,0.15,0.338672,0.584781,0.15,0.322495,0.589769,0.15,0.303979,0.592909,0.15,0.283,0.594,0.15,0.168,0.594,0.15,0.168,0.383,0.15,1.698,0.088,-0.15,1.698,0,-0.15,1.292,0,-0.15,1.292,0.682,-0.15,1.39,0.682,-0.15,1.39,0.088,-0.15,1.216,0,-0.15,1.098,0,-0.15,0.866,0.282,-0.15,0.631,0,-0.15,0.512,0,-0.15,0.806,0.353,-0.15,0.533,0.682,-0.15,0.652,0.682,-0.15,0.866,0.422,-0.15,1.079,0.682,-0.15,1.197,0.682,-0.15,0.925,0.353,-0.15,0.31857,0.680206,-0.15,0.35081,0.674982,-0.15,0.379766,0.666563,-0.15,0.405482,0.655185,-0.15,0.428003,0.641086,-0.15,0.447375,0.6245,-0.15,0.463643,0.605664,-0.15,0.476852,0.584815,-0.15,0.487047,0.562188,-0.15,0.494273,0.538019,-0.15,0.498576,0.512544,-0.15,0.5,0.486,-0.15,0.498492,0.459765,-0.15,0.493935,0.434699,-0.15,0.486281,0.411016,-0.15,0.475481,0.388926,-0.15,0.461487,0.368642,-0.15,0.44425,0.350375,-0.15,0.423721,0.334337,-0.15,0.399852,0.320741,-0.15,0.372594,0.309797,-0.15,0.341898,0.301718,-0.15,0.307716,0.296715,-0.15,0.27,0.295,-0.15,0.168,0.295,-0.15,0.168,0,-0.15,0.07,0,-0.15,0.07,0.682,-0.15,0.283,0.682,-0.15,0.279,0.383,-0.15,0.296696,0.383807,-0.15,0.313236,0.386204,-0.15,0.328547,0.390156,-0.15,0.342556,0.39563,-0.15,0.355189,0.402589,-0.15,0.366375,0.411,-0.15,0.37604,0.420828,-0.15,0.384111,0.432037,-0.15,0.390516,0.444594,-0.15,0.395181,0.458463,-0.15,0.398033,0.47361,-0.15,0.399,0.49,-0.15,0.398417,0.50255,-0.15,0.396588,0.515065,-0.15,0.393391,0.527344,-0.15,0.388704,0.539185,-0.15,0.382406,0.550388,-0.15,0.374375,0.56075,-0.15,0.36449,0.570071,-0.15,0.35263,0.578148,-0.15,0.338672,0.584781,-0.15,0.322495,0.589769,-0.15,0.303979,0.592909,-0.15,0.283,0.594,-0.15,0.168,0.594,-0.15,0.168,0.383,-0.15,0.31857,0.680206,-0.15,0.31857,0.680206,0.15,0.35081,0.674982,-0.15,0.35081,0.674982,0.15,0.379766,0.666563,-0.15,0.379766,0.666563,0.15,0.405482,0.655185,-0.15,0.405482,0.655185,0.15,0.428003,0.641086,-0.15,0.428003,0.641086,0.15,0.447375,0.6245,-0.15,0.447375,0.6245,0.15,0.463643,0.605664,-0.15,0.463643,0.605664,0.15,0.476852,0.584815,-0.15,0.476852,0.584815,0.15,0.487047,0.562188,-0.15,0.487047,0.562188,0.15,0.494273,0.538019,-0.15,0.494273,0.538019,0.15,0.498576,0.512544,-0.15,0.498576,0.512544,0.15,0.5,0.486,-0.15,0.5,0.486,0.15,0.498492,0.459765,-0.15,0.498492,0.459765,0.15,0.493935,0.434699,-0.15,0.493935,0.434699,0.15,0.486281,0.411016,-0.15,0.486281,0.411016,0.15,0.475481,0.388926,-0.15,0.475481,0.388926,0.15,0.461487,0.368642,-0.15,0.461487,0.368642,0.15,0.44425,0.350375,-0.15,0.44425,0.350375,0.15,0.423721,0.334337,-0.15,0.423721,0.334337,0.15,0.399852,0.320741,-0.15,0.399852,0.320741,0.15,0.372594,0.309797,-0.15,0.372594,0.309797,0.15,0.341898,0.301718,-0.15,0.341898,0.301718,0.15,0.307716,0.296715,-0.15,0.307716,0.296715,0.15,0.27,0.295,-0.15,0.27,0.295,0.15,0.168,0.295,-0.15,0.168,0.295,0.15,0.168,0,-0.15,0.168,0,0.15,0.07,0,-0.15,0.07,0,0.15,0.07,0.682,-0.15,0.07,0.682,0.15,0.283,0.682,-0.15,0.283,0.682,0.15,0.279,0.383,-0.15,0.279,0.383,0.15,0.296696,0.383807,-0.15,0.296696,0.383807,0.15,0.313236,0.386204,-0.15,0.313236,0.386204,0.15,0.328547,0.390156,-0.15,0.328547,0.390156,0.15,0.342556,0.39563,-0.15,0.342556,0.39563,0.15,0.355189,0.402589,-0.15,0.355189,0.402589,0.15,0.366375,0.411,-0.15,0.366375,0.411,0.15,0.37604,0.420828,-0.15,0.37604,0.420828,0.15,0.384111,0.432037,-0.15,0.384111,0.432037,0.15,0.390516,0.444594,-0.15,0.390516,0.444594,0.15,0.395181,0.458463,-0.15,0.395181,0.458463,0.15,0.398033,0.47361,-0.15,0.398033,0.47361,0.15,0.399,0.49,-0.15,0.399,0.49,0.15,0.398417,0.50255,-0.15,0.398417,0.50255,0.15,0.396588,0.515065,-0.15,0.396588,0.515065,0.15,0.393391,0.527344,-0.15,0.393391,0.527344,0.15,0.388704,0.539185,-0.15,0.388704,0.539185,0.15,0.382406,0.550388,-0.15,0.382406,0.550388,0.15,0.374375,0.56075,-0.15,0.374375,0.56075,0.15,0.36449,0.570071,-0.15,0.36449,0.570071,0.15,0.35263,0.578148,-0.15,0.35263,0.578148,0.15,0.338672,0.584781,-0.15,0.338672,0.584781,0.15,0.322495,0.589769,-0.15,0.322495,0.589769,0.15,0.303979,0.592909,-0.15,0.303979,0.592909,0.15,0.283,0.594,-0.15,0.283,0.594,0.15,0.168,0.594,-0.15,0.168,0.594,0.15,0.168,0.383,-0.15,0.168,0.383,0.15,1.216,0,-0.15,1.216,0,0.15,1.098,0,-0.15,1.098,0,0.15,0.866,0.282,-0.15,0.866,0.282,0.15,0.631,0,-0.15,0.631,0,0.15,0.512,0,-0.15,0.512,0,0.15,0.806,0.353,-0.15,0.806,0.353,0.15,0.533,0.682,-0.15,0.533,0.682,0.15,0.652,0.682,-0.15,0.652,0.682,0.15,0.866,0.422,-0.15,0.866,0.422,0.15,1.079,0.682,-0.15,1.079,0.682,0.15,1.197,0.682,-0.15,1.197,0.682,0.15,0.925,0.353,-0.15,0.925,0.353,0.15,1.698,0.088,-0.15,1.698,0.088,0.15,1.698,0,-0.15,1.698,0,0.15,1.292,0,-0.15,1.292,0,0.15,1.292,0.682,-0.15,1.292,0.682,0.15,1.39,0.682,-0.15,1.39,0.682,0.15,1.39,0.088,-0.15,1.39,0.088,0.15],